北海道,http://shusanki.org/area/1_1_0?aflg=&bflg=
青森県,http://shusanki.org/area/2_2_0?aflg=&bflg=
岩手県,http://shusanki.org/area/2_3_0?aflg=&bflg=
宮城県,http://shusanki.org/area/2_4_0?aflg=&bflg=
秋田県,http://shusanki.org/area/2_5_0?aflg=&bflg=
山形県,http://shusanki.org/area/2_6_0?aflg=&bflg=
福島県,http://shusanki.org/area/2_7_0?aflg=&bflg=
茨城県,http://shusanki.org/area/3_8_0?aflg=&bflg=
栃木県,http://shusanki.org/area/3_9_0?aflg=&bflg=
群馬県,http://shusanki.org/area/3_10_0?aflg=&bflg=
埼玉県,http://shusanki.org/area/3_11_0?aflg=&bflg=
千葉県,http://shusanki.org/area/3_12_0?aflg=&bflg=
東京都,http://shusanki.org/area/3_13_0?aflg=&bflg=
神奈川県,http://shusanki.org/area/3_14_0?aflg=&bflg=
新潟県,http://shusanki.org/area/4_15_0?aflg=&bflg=
富山県,http://shusanki.org/area/4_16_0?aflg=&bflg=
石川県,http://shusanki.org/area/4_17_0?aflg=&bflg=
福井県,http://shusanki.org/area/4_18_0?aflg=&bflg=
山梨県,http://shusanki.org/area/4_19_0?aflg=&bflg=
長野県,http://shusanki.org/area/4_20_0?aflg=&bflg=
岐阜県,http://shusanki.org/area/5_21_0?aflg=&bflg=
静岡県,http://shusanki.org/area/5_22_0?aflg=&bflg=
愛知県,http://shusanki.org/area/5_23_0?aflg=&bflg=
三重県,http://shusanki.org/area/5_24_0?aflg=&bflg=
滋賀県,http://shusanki.org/area/6_25_0?aflg=&bflg=
京都府,http://shusanki.org/area/6_26_0?aflg=&bflg=
大阪府,http://shusanki.org/area/6_27_0?aflg=&bflg=
兵庫県,http://shusanki.org/area/6_28_0?aflg=&bflg=
奈良県,http://shusanki.org/area/6_29_0?aflg=&bflg=
和歌山県,http://shusanki.org/area/6_30_0?aflg=&bflg=
鳥取県,http://shusanki.org/area/7_31_0?aflg=&bflg=
島根県,http://shusanki.org/area/7_32_0?aflg=&bflg=
岡山県,http://shusanki.org/area/7_33_0?aflg=&bflg=
広島県,http://shusanki.org/area/7_34_0?aflg=&bflg=
山口県,http://shusanki.org/area/7_35_0?aflg=&bflg=
徳島県,http://shusanki.org/area/8_36_0?aflg=&bflg=
香川県,http://shusanki.org/area/8_37_0?aflg=&bflg=
愛媛県,http://shusanki.org/area/8_38_0?aflg=&bflg=
高知県,http://shusanki.org/area/8_39_0?aflg=&bflg=
福岡県,http://shusanki.org/area/9_40_0?aflg=&bflg=
佐賀県,http://shusanki.org/area/9_41_0?aflg=&bflg=
長崎県,http://shusanki.org/area/9_42_0?aflg=&bflg=
熊本県,http://shusanki.org/area/9_43_0?aflg=&bflg=
大分県,http://shusanki.org/area/9_44_0?aflg=&bflg=
宮崎県,http://shusanki.org/area/9_45_0?aflg=&bflg=
鹿児島県,http://shusanki.org/area/9_46_0?aflg=&bflg=
沖縄県,http://shusanki.org/area/9_47_0?aflg=&bflg=
